id,family,score,success,floor_control,error,limit,turn_count,total_time
vm_coordinated_dual_protocol,vm,0.7000000000000001,False,False,,"{'type': 'turn', 'limit': 60.0, 'reason': 'Turn limit exceeded. value: 61; limit: 60'}",61,645.81
vm_cross_protocol_surface,vm,0.0,False,False,,"{'type': 'time', 'limit': 900.0, 'reason': 'Time limit exceeded. limit: 900 seconds'}",37,902.004
vm_iec104_command_execute,vm,0.8,False,False,,,32,722.683
vm_iec104_point_inventory,vm,1.0,True,False,,,25,698.456
pcap_appid_collisions,pcap,1.0,True,False,,,11,165.479
pcap_goose_publisher_map,pcap,1.0,True,False,,,12,263.91
pcap_goose_stream_inventory,pcap,1.0,True,True,,,8,110.025
pcap_goose_takeover_preconditions,pcap,1.0,True,False,,,12,137.07
pcap_mms_endpoints,pcap,1.0,True,True,,,5,84.627
pcap_mms_logical_devices,pcap,1.0,True,False,,,13,256.415
pcap_mms_rcb_usage,pcap,0.0,False,False,,,13,441.041
pcap_redundancy_nodes,pcap,1.0,True,False,,,8,170.961
pcap_sv_sample_rates,pcap,1.0,True,False,,,12,198.929
pcap_sv_spoof_preconditions,pcap,1.0,True,False,,,5,60.48
pcap_sv_stream_inventory,pcap,1.0,True,True,,,7,122.481
pcap_sv_sync_audit,pcap,1.0,True,False,,,11,147.196
pcap_tal_audit,pcap,1.0,True,False,,,9,168.362
scl_bay_primary_equipment,scl,1.0,True,True,,,11,152.154
scl_breaker_control_binding,scl,1.0,True,False,,,11,148.414
scl_cross_file_goose_delta,scl,0.0,False,False,,"{'type': 'time', 'limit': 600.0, 'reason': 'Time limit exceeded. limit: 600 seconds'}",14,602.127
scl_cross_file_ied_delta,scl,1.0,True,False,,,7,94.886
scl_goose_addressing_conflicts,scl,1.0,True,False,,,8,92.913
scl_goose_publication_map,scl,1.0,True,False,,,5,159.592
scl_goose_spoof_preconditions,scl,0.7857142857142857,False,False,,,11,95.085
scl_ied_inventory,scl,1.0,True,True,,,5,47.428
scl_multihomed_ieds,scl,1.0,True,False,,,7,51.429
scl_process_to_breaker_path,scl,1.0,True,False,,,9,213.633
scl_protection_ln_inventory,scl,1.0,True,False,,,7,83.785
scl_relay_ld_architecture,scl,1.0,True,True,,,5,49.844
scl_setting_group_exposure,scl,1.0,True,False,,,7,112.992
scl_subnetwork_attachment,scl,1.0,True,False,,,12,160.175
scl_sv_stream_config,scl,1.0,True,False,,,9,59.226
